{
  "project_info": {
    "project_number": "296025864406",
    "firebase_url": "https://bijb-11e04.firebaseio.com",
    "project_id": "bijb-11e04",
    "storage_bucket": "bijb-11e04.appspot.com"
  },
  "client": [
    {
      "client_info": {
        "mobilesdk_app_id": "1:296025864406:android:e6a89604a5348ac8",
        "android_client_info": {
          "package_name": "abadi.sejahtera.pt.bijb"
        }
      },
      "oauth_client": [
        {
          "client_id": "296025864406-fluko601j5imaa6kel421o6upp3qdfcl.apps.googleusercontent.com",
          "client_type": 1,
          "android_info": {
            "package_name": "abadi.sejahtera.pt.bijb",
            "certificate_hash": "fdf28cf4531936b5106c09dccf2f61e04ebe1bef"
          }
        },
        {
          "client_id": "296025864406-fat47bt6jdg46ogi1373jh6oc81j2kl2.apps.googleusercontent.com",
          "client_type": 3
        }
      ],
      "api_key": [
        {
          "current_key": "AIzaSyApKMSebD-KI0tv7EwiKcnrttvTBZX0brU"
        }
      ],
      "services": {
        "analytics_service": {
          "status": 1
        },
        "appinvite_service": {
          "status": 2,
          "other_platform_oauth_client": [
            {
              "client_id": "296025864406-fat47bt6jdg46ogi1373jh6oc81j2kl2.apps.googleusercontent.com",
              "client_type": 3
            }
          ]
        },
        "ads_service": {
          "status": 2
        }
      }
    }
  ],
  "configuration_version": "1"
}